WMO_ID,Station_ID,Station_Nm,Station_Ar,Governorate_EN,Governorate_AR,Latitude,Longitude,Elevation,Class_EN,Class_AR,Start_Year,End_Year,Record_Years,Status_EN,Status_AR,Source_DB
624190,624190-99999,ABU SIMBEL,أبو سمبل,Aswan,أسوان,22.376,31.612,187.8,Airport,مطار,1973,2025,53,Active,نشطة (مستمرة),WMO/NOAA
624140,624140-99999,ASWAN INTL,أسوان الدولي,Aswan,أسوان,23.964,32.82,201.8,Airport,مطار,1937,2025,89,Active,نشطة (مستمرة),WMO/NOAA
624080,624080-99999,EDFOU,إدفو,Aswan,أسوان,24.983,32.817,89.0,Synoptic,سينوبتيكية,2008,2008,1,Historical,تاريخية (أرشيفية),WMO/NOAA
623665,623665-99999,EDFU,إدفو,Aswan,أسوان,24.983,32.867,85.0,Synoptic,سينوبتيكية,2009,2024,16,Active,نشطة (مستمرة),WMO/NOAA
624110,624110-99999,DARAW,دراو,Aswan,أسوان,24.416,32.956,99.1,Airport,مطار,1985,1997,13,Historical,تاريخية (أرشيفية),WMO/NOAA
623930,623930-99999,ASYUT INTL,أسيوط الدولي,Asyut,أسيوط,27.047,31.012,235.3,Airport,مطار,1949,2025,77,Active,نشطة (مستمرة),WMO/NOAA
623920,623920-99999,ASYUT-AGRIMET,أسيوط الزراعية,Asyut,أسيوط,27.2,31.167,52.0,Agricultural,زراعية,1938,2005,68,Historical,تاريخية (أرشيفية),WMO/NOAA
624050,624050-99999,LUXOR INTL,الأقصر الدولي,Luxor,الأقصر,25.671,32.707,89.6,Airport,مطار,1943,2025,83,Active,نشطة (مستمرة),WMO/NOAA
623180,623180-99999,ALEXANDRIA INTL,الإسكندرية الدولي,Alexandria,الإسكندرية,31.184,29.949,-1.8,Airport,مطار,1937,2025,89,Active,نشطة (مستمرة),WMO/NOAA
623601,623601-99999,BORG EL ARAB INTL,برج العرب الدولي,Alexandria,الإسكندرية,30.918,29.696,53.9,Airport,مطار,2004,2025,22,Active,نشطة (مستمرة),WMO/NOAA
623150,623150-99999,PORT ALEXANDRIA,ميناء الإسكندرية,Alexandria,الإسكندرية,31.183,29.867,14.0,Port,ميناء,2001,2023,23,Active,نشطة (مستمرة),WMO/NOAA
624380,624380-99999,ABU SUWAYR,أبو صوير,Ismailia,الإسماعيلية,30.567,32.1,16.0,Synoptic,سينوبتيكية,1958,2008,51,Historical,تاريخية (أرشيفية),WMO/NOAA
624400,624400-99999,ISMAILIA,الإسماعيلية,Ismailia,الإسماعيلية,30.6,32.25,12.5,Airport,مطار,1943,2025,83,Active,نشطة (مستمرة),WMO/NOAA
623662,623662-99999,ISMALIA,الإسماعيلية,Ismailia,الإسماعيلية,30.583,32.25,3.0,Synoptic,سينوبتيكية,2008,2021,14,Active,نشطة (مستمرة),WMO/NOAA
624410,624410-99999,ISMAILIA (AGROMET),الإسماعيلية (الزراعية),Ismailia,الإسماعيلية,30.6,32.283,3.0,Synoptic,سينوبتيكية,1937,1988,52,Historical,تاريخية (أرشيفية),WMO/NOAA
624440,624440-99999,FAID,فايد,Ismailia,الإسماعيلية,30.317,32.283,11.0,Synoptic,سينوبتيكية,1949,1952,4,Historical,تاريخية (أرشيفية),WMO/NOAA
624640,624640-99999,HURGHADA (OLD),الغردقة (محطة قديمة),Red Sea,البحر الأحمر,27.283,33.733,7.0,Synoptic,سينوبتيكية,2010,2014,5,Historical,تاريخية (أرشيفية),WMO/NOAA
624630,624630-99999,HURGHADA INTL,الغردقة الدولي,Red Sea,البحر الأحمر,27.178,33.799,15.8,Airport,مطار,1990,2025,36,Active,نشطة (مستمرة),WMO/NOAA
624650,624650-99999,KOSSEIR,القصير,Red Sea,البحر الأحمر,26.133,34.25,11.0,Synoptic,سينوبتيكية,1938,2025,88,Active,نشطة (مستمرة),WMO/NOAA
624760,624760-99999,SHALATIN,شلاتين,Red Sea,البحر الأحمر,23.133,35.583,21.0,Synoptic,سينوبتيكية,2003,2025,23,Active,نشطة (مستمرة),WMO/NOAA
623661,623661-99999,MARSA ALAM INTL,مرسى علم الدولي,Red Sea,البحر الأحمر,25.557,34.582,76.5,Airport,مطار,2004,2025,22,Active,نشطة (مستمرة),WMO/NOAA
624620,624620-99999,JIYANKLIS NEW,جانيكليس الجديدة,Beheira,البحيرة,30.82,30.191,14.9,Airport,مطار,1949,2022,74,Active,نشطة (مستمرة),WMO/NOAA
623390,623390-99999,DAMANHOUR,دمنهور,Beheira,البحيرة,31.033,30.467,2.0,Synoptic,سينوبتيكية,1989,2022,34,Active,نشطة (مستمرة),WMO/NOAA
623240,623240-99999,ROSETTA,رشيد,Beheira,البحيرة,31.45,30.367,1.0,Synoptic,سينوبتيكية,2002,2015,14,Historical,تاريخية (أرشيفية),WMO/NOAA
623450,623450-99999,TAHRIR,مديرية التحرير,Beheira,البحيرة,30.65,30.7,15.0,Synoptic,سينوبتيكية,1988,2024,37,Active,نشطة (مستمرة),WMO/NOAA
623570,623570-99999,WADI EL NATROON,وادي النطرون,Beheira,البحيرة,30.4,30.35,1.0,Synoptic,سينوبتيكية,1996,2025,30,Active,نشطة (مستمرة),WMO/NOAA
623730,623730-99999,EMBABA,إمبابة,Giza,الجيزة,30.067,31.183,19.0,Synoptic,سينوبتيكية,1974,2008,35,Historical,تاريخية (أرشيفية),WMO/NOAA
623750,623750-99999,GIZA-AGRIMET,الجيزة الزراعية,Giza,الجيزة,30.05,31.217,18.0,Agricultural,زراعية,2001,2017,17,Historical,تاريخية (أرشيفية),WMO/NOAA
623680,623680-99999,CAIRO WEST,القاهرة غرب (قاعدة غرب القاهرة),Giza,الجيزة,30.117,30.917,151.0,Synoptic,سينوبتيكية,1973,2017,45,Historical,تاريخية (أرشيفية),WMO/NOAA
624200,624200-99999,BAHARIA,الواحات البحرية,Giza,الجيزة,28.333,28.867,130.0,Synoptic,سينوبتيكية,1949,2025,77,Active,نشطة (مستمرة),WMO/NOAA
623430,623430-99999,AD DANABIQ,الدنابيق,Dakahlia,الدقهلية,31.05,31.467,7.0,Synoptic,سينوبتيكية,1960,1966,7,Historical,تاريخية (أرشيفية),WMO/NOAA
624500,624500-99999,EL-SUEZ,السويس,Suez,السويس,29.867,32.467,3.6,Synoptic,سينوبتيكية,1960,2019,60,Historical,تاريخية (أرشيفية),WMO/NOAA
624490,624490-99999,PORT TAWFIK,بورتوفيق,Suez,السويس,29.933,32.567,4.0,Port,ميناء,1979,2004,26,Historical,تاريخية (أرشيفية),WMO/NOAA
624470,624470-99999,MADIYAH,مادية,Suez,السويس,30.05,32.533,14.0,Synoptic,سينوبتيكية,1949,1952,4,Historical,تاريخية (أرشيفية),WMO/NOAA
623480,623480-99999,TANTA,طنطا,Gharbia,الغربية,30.783,31.0,12.0,Synoptic,سينوبتيكية,1960,2016,57,Historical,تاريخية (أرشيفية),WMO/NOAA
623810,623810-99999,FAYOUM,الفيوم,Fayoum,الفيوم,29.3,30.85,23.0,Synoptic,سينوبتيكية,1960,2016,57,Historical,تاريخية (أرشيفية),WMO/NOAA
623720,623720-99999,CAIRO (ALMAZA OLD),القاهرة (ألماظة القديمة),Cairo,القاهرة,30.1,31.367,74.1,Synoptic,سينوبتيكية,1949,1952,4,Historical,تاريخية (أرشيفية),WMO/NOAA
623710,623710-99999,CAIRO H.Q.,القاهرة (المقر الرئيسي للأرصاد),Cairo,القاهرة,30.083,31.283,26.0,Synoptic,سينوبتيكية,1999,2003,5,Historical,تاريخية (أرشيفية),WMO/NOAA
623670,623670-99999,CAIRO ALMAZA,القاهرة ألماظة,Cairo,القاهرة,30.083,31.367,51.0,Synoptic,سينوبتيكية,1937,1940,4,Historical,تاريخية (أرشيفية),WMO/NOAA
623660,623660-99999,CAIRO INTL,القاهرة الدولي,Cairo,القاهرة,30.122,31.406,116.4,Airport,مطار,1943,2025,83,Active,نشطة (مستمرة),WMO/NOAA
623780,623780-99999,HELWAN,حلوان,Cairo,القاهرة,29.867,31.333,141.0,Airport,مطار,1938,2023,86,Active,نشطة (مستمرة),WMO/NOAA
623630,623630-99999,BANHA,بنها,Qalyubia,القليوبية,30.467,31.183,14.0,Synoptic,سينوبتيكية,2001,2023,23,Active,نشطة (مستمرة),WMO/NOAA
623690,623690-99999,BAHTIM,بهتيم,Qalyubia,القليوبية,30.133,31.25,16.0,Synoptic,سينوبتيكية,2001,2002,2,Historical,تاريخية (أرشيفية),WMO/NOAA
623600,623600-99999,SHEBIN EL KOM,شبين الكوم,Monufia,المنوفية,30.6,31.017,11.0,Synoptic,سينوبتيكية,2001,2020,20,Active,نشطة (مستمرة),WMO/NOAA
623870,623870-99999,MINYA,المنيا,Minya,المنيا,28.083,30.733,37.2,Airport,مطار,1938,2025,88,Active,نشطة (مستمرة),WMO/NOAA
623663,623663-99999,MINYA,المنيا,Minya,المنيا,28.0,30.75,1.0,Airport,مطار,2007,2009,3,Historical,تاريخية (أرشيفية),WMO/NOAA
623860,623860-99999,MINYA,المنيا,Minya,المنيا,28.083,30.733,40.0,Synoptic,سينوبتيكية,1988,2004,17,Historical,تاريخية (أرشيفية),WMO/NOAA
623890,623890-99999,MALAWY-AGRIMET,ملوي الزراعية,Minya,المنيا,27.7,30.75,44.0,Agricultural,زراعية,2003,2013,11,Historical,تاريخية (أرشيفية),WMO/NOAA
624350,624350-99999,KHARGA,الخارجة,New Valley,الوادي الجديد,25.45,30.533,73.0,Synoptic,سينوبتيكية,1957,2025,69,Active,نشطة (مستمرة),WMO/NOAA
624320,624320-99999,DAKHLA,الداخلة,New Valley,الوادي الجديد,25.5,28.967,117.0,Synoptic,سينوبتيكية,1938,2025,88,Active,نشطة (مستمرة),WMO/NOAA
624230,624230-99999,FARAFRA,الفرافرة,New Valley,الوادي الجديد,27.05,27.983,78.0,Synoptic,سينوبتيكية,1950,2025,76,Active,نشطة (مستمرة),WMO/NOAA
624250,624250-99999,SHARK EL OWEINAT INTL,شرق العوينات الدولي,New Valley,الوادي الجديد,22.586,28.717,261.8,Airport,مطار,2001,2023,23,Active,نشطة (مستمرة),WMO/NOAA
623330,623330-99999,PORT SAID,بورسعيد,Port Said,بورسعيد,31.267,32.3,6.0,Port,ميناء,1949,2025,77,Active,نشطة (مستمرة),WMO/NOAA
623320,623320-99999,PORT SAID (EL GAMIL),بورسعيد (الجميل),Port Said,بورسعيد,31.283,32.233,6.0,Port,ميناء,1987,2023,37,Active,نشطة (مستمرة),WMO/NOAA
624580,624580-99999,ABURDEES,أبورديس,South Sinai,جنوب سيناء,28.9,33.183,8.0,Synoptic,سينوبتيكية,2001,2025,25,Active,نشطة (مستمرة),WMO/NOAA
624590,624590-99999,EL TOR,الطور,South Sinai,جنوب سيناء,28.209,33.646,35.1,Airport,مطار,1938,2025,88,Active,نشطة (مستمرة),WMO/NOAA
624670,624670-99999,DAHAB,دهب,South Sinai,جنوب سيناء,28.483,34.5,19.0,Synoptic,سينوبتيكية,2004,2023,20,Active,نشطة (مستمرة),WMO/NOAA
624550,624550-99999,RAS SEDR,رأس سدر,South Sinai,جنوب سيناء,29.583,32.717,16.0,Synoptic,سينوبتيكية,1996,2025,30,Active,نشطة (مستمرة),WMO/NOAA
623664,623664-99999,ST CATHERINE INTL,سانت كاترين الدولي,South Sinai,جنوب سيناء,28.683,34.067,1331.0,Airport,مطار,2007,2025,19,Active,نشطة (مستمرة),WMO/NOAA
624639,624639-99999,SHARM EL SHEIKH INTL,شرم الشيخ الدولي,South Sinai,جنوب سيناء,27.967,34.383,45.0,Synoptic,سينوبتيكية,1997,2025,29,Active,نشطة (مستمرة),WMO/NOAA
624655,624655-99999,TABA INTL,طابا الدولي,South Sinai,جنوب سيناء,29.6,34.767,768.0,Airport,مطار,1999,2024,26,Active,نشطة (مستمرة),WMO/NOAA
624570,624570-99999,SANT KATREIN AIRPORT,مطار سانت كاترين,South Sinai,جنوب سيناء,28.683,34.05,1331.0,Airport,مطار,2011,2012,2,Historical,تاريخية (أرشيفية),WMO/NOAA
624560,624560-99999,TABA (RAS EL NAQB),مطار طابا (رأس النقب),South Sinai,جنوب سيناء,29.6,34.783,749.0,Airport,مطار,2004,2012,9,Historical,تاريخية (أرشيفية),WMO/NOAA
623300,623300-99999,DAMIETTA,دمياط,Damietta,دمياط,31.417,31.817,1.0,Synoptic,سينوبتيكية,2001,2014,14,Historical,تاريخية (أرشيفية),WMO/NOAA
623290,623290-99999,PORT DAMIETTA,ميناء دمياط,Damietta,دمياط,31.467,31.767,4.0,Port,ميناء,1937,2016,80,Historical,تاريخية (أرشيفية),WMO/NOAA
623980,623980-99999,SOHAG INTL,سوهاج الدولي,Sohag,سوهاج,26.333,31.733,92.7,Airport,مطار,2007,2025,19,Active,نشطة (مستمرة),WMO/NOAA
623970,623970-99999,SOHAG AIRPORT,مطار سوهاج,Sohag,سوهاج,26.333,31.75,92.7,Airport,مطار,1999,2016,18,Historical,تاريخية (أرشيفية),WMO/NOAA
624530,624530-99999,ELHASANA,الحسنة,North Sinai,شمال سيناء,30.45,33.767,255.0,Synoptic,سينوبتيكية,2004,2024,21,Active,نشطة (مستمرة),WMO/NOAA
623370,623370-99999,EL ARISH INTL,العريش الدولي,North Sinai,شمال سيناء,31.073,33.836,36.9,Airport,مطار,1985,2025,41,Active,نشطة (مستمرة),WMO/NOAA
623360,623360-99999,EL ARISH-AGRIMET,العريش الزراعية,North Sinai,شمال سيناء,31.083,33.817,27.0,Agricultural,زراعية,1938,2025,88,Active,نشطة (مستمرة),WMO/NOAA
624540,624540-99999,BEAR EL ABD,بئر العبد,North Sinai,شمال سيناء,30.967,32.767,24.0,Synoptic,سينوبتيكية,2004,2016,13,Historical,تاريخية (أرشيفية),WMO/NOAA
623350,623350-99999,RAFH-AGRIMET,رفح الزراعية,North Sinai,شمال سيناء,31.2,34.2,73.0,Agricultural,زراعية,2003,2023,21,Active,نشطة (مستمرة),WMO/NOAA
624520,624520-99999,NEKHEL,نخل,North Sinai,شمال سيناء,29.917,33.733,403.0,Synoptic,سينوبتيكية,2001,2025,25,Active,نشطة (مستمرة),WMO/NOAA
623380,623380-99999,GAZA (HISTORICAL),قطاع غزة (تاريخية),Gaza Strip,قطاع غزة,31.5,34.45,16.0,Synoptic,سينوبتيكية,1960,2021,62,Active,نشطة (مستمرة),WMO/NOAA
624030,624030-99999,SOUTH VALLEY UNIVERSITY,جامعة جنوب الوادي,Qena,قنا,26.2,32.75,96.0,Academic,بحثية,2004,2025,22,Active,نشطة (مستمرة),WMO/NOAA
624020,624020-99999,QENA,قنا,Qena,قنا,26.183,32.733,74.0,Synoptic,سينوبتيكية,1938,2023,86,Active,نشطة (مستمرة),WMO/NOAA
623250,623250-99999,BALTIM,بلطيم,Kafr El-Sheikh,كفر الشيخ,31.55,31.1,2.0,Synoptic,سينوبتيكية,1994,2025,32,Active,نشطة (مستمرة),WMO/NOAA
623000,623000-99999,SALLOUM,السلوم,Matrouh,مطروح,31.533,25.183,6.0,Synoptic,سينوبتيكية,1937,1997,61,Historical,تاريخية (أرشيفية),WMO/NOAA
623090,623090-99999,DABAA,الضبعة,Matrouh,مطروح,31.017,28.433,18.0,Synoptic,سينوبتيكية,1957,2025,69,Active,نشطة (مستمرة),WMO/NOAA
623080,623080-99999,RAS EL HIKMA,رأس الحكمة,Matrouh,مطروح,31.117,27.867,40.0,Synoptic,سينوبتيكية,2001,2023,23,Active,نشطة (مستمرة),WMO/NOAA
623010,623010-99999,SIDI BARRANI,سيدي براني,Matrouh,مطروح,31.617,25.9,23.0,Synoptic,سينوبتيكية,1999,2014,16,Historical,تاريخية (أرشيفية),WMO/NOAA
623030,623030-99999,SIDI BARRANI,سيدي براني,Matrouh,مطروح,31.633,25.967,23.0,Synoptic,سينوبتيكية,1957,2023,67,Active,نشطة (مستمرة),WMO/NOAA
624170,624170-99999,SIWA,سيوة,Matrouh,مطروح,29.2,25.483,-15.0,Synoptic,سينوبتيكية,1937,2025,89,Active,نشطة (مستمرة),WMO/NOAA
623060,623060-99999,MERSA MATRUH,مرسى مطروح,Matrouh,مطروح,31.325,27.222,28.7,Airport,مطار,1937,2025,89,Active,نشطة (مستمرة),WMO/NOAA
624160,624160-99999,SIWA OASIS ARPT,مطار واحة سيوة,Matrouh,مطروح,29.346,25.507,101.0,Airport,مطار,2001,2025,25,Active,نشطة (مستمرة),WMO/NOAA
623050,623050-99999,SALLUM PLATEAU,هضبة السلوم,Matrouh,مطروح,31.567,25.133,6.0,Synoptic,سينوبتيكية,1995,2025,31,Active,نشطة (مستمرة),WMO/NOAA
