"Source_ID","Title_AR","Title_EN","Author","Organization","Category_AR","URL","Scope","Applied_Styles"
"ESRI_MAPPING","مدونة إزري: ألوان أفضل لتخريط أفضل (Better Colors for Better Mapping)","Better Colors for Better Mapping (Esri ArcGIS Blog)","Kristian Ekenes / Esri Cartography Team","Environmental Systems Research Institute (Esri Inc.)","تصميم الألوان والإرشادات الكارتوجرافية لنظم المعلومات الجغرافية","https://www.esri.com/arcgis-blog/products/js-api-arcgis/mapping/better-colors-for-better-mapping","All Modules (خصوصاً درجات الحرارة والراستر)","Temp_Multi_SpectralMuted; Temp_Div_TealCoral"
"CPT_CITY","أرشيف CPT-City العالمي للتدرجات اللونية المناخية والكارتوجرافية","cpt-city: An Archive of Colour Gradients for Cartography & Climatology","J.J. Green / University of Sheffield","University of Sheffield / Generic Mapping Tools (GMT)","أرشيف التدرجات اللونية لعلوم الأرض والأرصاد","https://phillips.shef.ac.uk/pub/cpt-city/","Temperature, Precipitation, Pressure, Relief, Bathymetry","Temp_Div_PuOr; Precip_Div_BrBG; Pres_Seq_Density"
"IPCC_AR6_CRAMERI","معايير الهيئة الحكومية الدولية المعنية بتغير المناخ (IPCC AR6) والتدرجات العلمية المحايدة إدراكياً","IPCC AR6 Visual Guide & Scientific Colour Maps (Fabio Crameri)","Dr. Fabio Crameri / IPCC Working Group I","Intergovernmental Panel on Climate Change (IPCC) / University of Oslo","المعايير البصرية العلمية للتقارير المناخية الدولية","https://www.fabiocrameri.ch/colourmaps/","Temperature Anomalies, Climatological Means, Climate Models (01, 11)","Temp_Div_RdBu_IPCC; Temp_Multi_Thermal_Crameri; Temp_Multi_Roma_Crameri; Temp_Div_Nuuk_Cryo; Model_Div_TempAnomaly; Model_Div_PrecipChange"
"COLORBREWER","نظام كولور بروير للكارتوجرافيا وتمايز الفئات (ColorBrewer 2.0)","ColorBrewer 2.0: Color Advice for Cartography","Dr. Cynthia Brewer / Mark Harrower","Pennsylvania State University / National Science Foundation (NSF)","المعيار الأكاديمي الكارتوجرافي العالمي للخرائط الموضوعية","https://colorbrewer2.org/","All Modules (Sequential, Diverging, Qualitative 3 to 11 classes)","Temp_Seq_WarmRed; Temp_Seq_AmberOrange; Temp_Seq_CoolBlue; Temp_Div_RdYlBu_Brewer; Precip_Seq_Blues; Precip_Seq_YlGnBu; Precip_Seq_BuPu"
"WMO_STANDARDS","معايير المنظمة العالمية للأرصاد الجوية (WMO-No. 306 & WMO-No. 8)","World Meteorological Organization Synoptic & Climatological Standards","WMO Commission for Instruments and Methods of Observation (CIMO)","World Meteorological Organization (WMO) - United Nations","المعايير الدولية للأرصاد الجوية والمناخ","https://library.wmo.int/records/item/35625-manual-on-codes","Temperature, Wind, Pressure, Cloud Cover, Rainfall Intensity (01, 02, 03, 05, 09)","Temp_Multi_WMO_Standard; Temp_Seq_FrostThreshold; Precip_Seq_Intensity_WMO; Pres_Div_WMO_MSLP; Wind_Seq_Beaufort; Cloud_Seq_Okta"
"NOAA_NWS","المعايير التشغيلية للإدارة الوطنية الأمريكية للمحيطات والغلاف الجوي (NOAA & NWS)","NOAA National Weather Service Operational Scales & National Blend of Models (NBM)","NOAA / National Weather Service / Weather Prediction Center (WPC)","National Oceanic and Atmospheric Administration (NOAA)","المعايير التشغيلية للتنبؤات والرصد المناخي","https://www.wpc.ncep.noaa.gov/","Temperature, Heat Index, Wind Chill, Radar Reflectivity, Hurricanes (01, 02, 05)","Temp_Multi_NOAA_NWS; Temp_Multi_NOAA_CPC; Precip_Multi_DopplerRadar; Wind_Multi_DopplerVelocity; Wind_Multi_WindChill; Wind_Multi_Hurricanes"
"WHO_UV_INDEX","المعيار الدولي الموحد لمؤشر الأشعة فوق البنفسجية (WHO / WMO / UNEP)","Global Solar UV Index: A Practical Guide (ISBN 92 4 159007 6)","World Health Organization / WMO / UNEP / ICNIRP","World Health Organization (WHO)","المعايير الدولية للصحة والسلامة الإشعاعية","https://www.who.int/publications/i/item/9241590076","UV Index (08_UV_Index)","UV_Standard_WHO; UV_EPA_HealthRisk; UV_ErythemalDose; UV_SummerPeak"
"UNEP_FAO_ARIDITY","معايير القحولة والتصحر الدولية (أطلس التصحر العالمي UNEP / ودليل FAO-56)","UNEP World Atlas of Desertification & FAO-56 Irrigation Guidelines","UNEP / UNESCO / FAO (Allen, Pereira, Raes, Smith)","UN Environment Programme / Food and Agriculture Organization (FAO)","معايير القحولة والجفاف والهيدرولوجيا الزراعية","https://wad.jrc.ec.europa.eu/","Drought & Aridity, PET, Water Deficit, Crop VPD (06, 10)","Aridity_UNEP_World; Drought_SPEI_Index; Drought_PDSI_Palmer; Aridity_SoilMoistureDeficit; Drought_ETo_Hargreaves; RH_Seq_VPD_Agricultural"
"GLOBAL_SOLAR_ATLAS","معايير أطلس الطاقة الشمسية العالمي (World Bank / ESMAP / Solargis)","Global Solar Atlas Standards & Benchmarks","Energy Sector Management Assistance Program (ESMAP) / Solargis","World Bank Group","كارتوجرافيا الإشعاع الشمسي والطاقة المتجددة","https://globalsolaratlas.info/","Solar Radiation (07_Solar_Radiation)","Solar_Seq_YlOrRd; Solar_Seq_ESMAP_GHI; Solar_Seq_PVOUT; Solar_Seq_DNI_Thermal; Solar_Seq_SunshineDuration"
"ED_HAWKINS_STRIPES","مبادرة خطوط الاحترار العالمي (Ed Hawkins Warming Stripes)","Warming Stripes Climate Visualization Initiative","Prof. Ed Hawkins / University of Reading","University of Reading / National Centre for Atmospheric Science (NCAS)","التواصل العلمي الكارتوجرافي للتغير المناخي","https://showyourstripes.info/","Climate Models & Temperature Anomalies (11_Climate_Models)","Model_Div_WarmingStripes; Model_Div_TempAnomaly"
"ECMWF_ERA5","خدمة كوبرنيكوس لتغير المناخ (ECMWF C3S / ERA5 Reanalysis)","Copernicus Climate Change Service & ERA5 Global Reanalysis","European Centre for Medium-Range Weather Forecasts (ECMWF)","European Union / ECMWF","إعادة التحليل المناخي ونمذجة الغلاف الجوي","https://climate.copernicus.eu/","Temperature, Precipitation, Pressure, Humidity, Models (01, 02, 03, 06, 11)","Temp_Multi_ERA5_Thermal; Precip_Multi_ERA5_Total; Model_Multi_SSPSenarios"
"NASA_EARTHDATA","نظام بيانات علوم الأرض بوكالة ناسا (NASA Earth Science Data Systems)","NASA Earth Science Data Systems (GPM, MODIS, AIRS, LST)","NASA Earthdata / Goddard Space Flight Center","National Aeronautics and Space Administration (NASA)","بيانات الاستشعار عن بعد والأقمار الاصطناعية المناخية","https://earthdata.nasa.gov/","Precipitation, LST, Cloud Cover, Aerosols (01, 02, 09)","Temp_Multi_NASA_LST; Temp_Div_NASA_GISTEMP; Precip_Multi_NASA_GPM; Cloud_Seq_OpticalDepth; Cloud_Multi_AOD_Aerosol"
"HADCRUT5_CLIMATE","سجلات الاحترار العالمي لمركز هادلي البريطاني (HadCRUT5 Analysis)","HadCRUT5 Historical Global Surface Temperature Dataset","UK Met Office Hadley Centre / Climatic Research Unit (CRU)","UK Met Office / University of East Anglia","سجلات درجات الحرارة التاريخية العالمية","https://www.metoffice.gov.uk/hadobs/hadcrut5/","Historical Temperature Anomalies (01_Temperature)","Temp_Div_HadCRUT5"
"KOPPEN_GEIGER","نظام تصنيف الأقاليم المناخية لكوبن-جيجر (Köppen-Geiger World Atlas)","Köppen-Geiger World Climate Classification System","Wladimir Köppen / Rudolf Geiger / University of Vienna","University of Vienna / Max Planck Institute","التصنيف المناخي الكارتوجرافي العالمي","http://koeppen-geiger.vu-wien.ac.at/","Global Thermal Regimes & Climate Classification (01, 10)","Temp_Multi_KoppenThermal; Aridity_Multi_DesertBoundaries"

"ESRI_MARKER_SYMBOLS","دليل إنشاء رموز الماركر والأسهم في ArcMap (ESRI Arrowhead)","Creating Marker Symbols (Simple, Character, Arrow, Picture)","Esri Documentation Team","Environmental Systems Research Institute (Esri Inc.)","رموز النقاط والأسهم في ArcMap","https://desktop.arcgis.com/en/arcmap/latest/map/styles-and-symbols/creating-marker-symbols.htm","Marker Symbols, Arrow Symbols, ESRI Arrowhead Font (05_Wind_Arrows)","05_Wind_Arrows"

"ESRI_SYMBOL_ROTATION","تدوير الرموز بحقل اتجاه مع رمز يشير للشمال (Rotation by Field)","Use Style Options: Rotate Symbols by Angle (North-Oriented Symbols)","Esri Documentation Team","Environmental Systems Research Institute (Esri Inc.)","تدوير الرموز بحقول الاتجاه","https://doc.arcgis.com/en/arcgis-online/create-maps/use-style-options-mv.htm","Symbol Rotation with Arrow_Angle Field, Geographic Style (05_Wind_Arrows)","05_Wind_Arrows"

"METEOBLUE_PICTOFONT","خط أيقونات الطقس وشروح رموز الرياح (meteoblue Pictofont & Wind Barbs)","meteoblue Symbols and Pictograms: Wind Barbs & Free Pictofont","meteoblue AG","meteoblue","رموز الرياح والأيقونات الجوية المجانية","https://content.meteoblue.com/en/research-education/specifications/standards/symbols-and-pictograms","Wind Barbs, Weather Pictograms (05_Wind_Arrows)","05_Wind_Arrows"

"WMO_WEATHERICONS_SVG","مكتبة رموز WMO بصيغة SVG (تصلح Picture Markers)","WMO Weather Related Symbols and Icons (SVG, Public Domain Base)","roe-dl / NOAA / Wikimedia Contributors","GitHub Open Source (GPL-3.0, Fonts Exclusion)","رموز WMO المتجهة للأرصاد","https://github.com/roe-dl/weathericons","WMO Station Symbols, Weather Icons (05_Wind_Arrows)","05_Wind_Arrows"

"METSYMB_FONT","خط رموز الأرصاد الجوية الاحترافي (metsymb OpenType)","metsymb: Vectorial Meteorological Symbols Font (Oktas, Cloud Genera)","Frédéric P.A. Vogt","CTAN / TeX Live","خطوط رموز الأرصاد المتجهة","https://ctan.org/pkg/metsymb","Meteorological Marker Glyphs (05_Wind_Arrows)","05_Wind_Arrows"

"NWS_WIND_BARBS","شرح رموز الرياح المعتمدة أمريكياً (Wind Barbs: الاتجاه والسرعة)","NWS Information about Wind Barbs (Direction FROM, Speed in Knots)","National Weather Service Honolulu","National Oceanic and Atmospheric Administration (NOAA)","معايير رسم متجهات الرياح","https://www.weather.gov/hfo/windbarbinfo","Wind Barb Plotting Conventions (05_Wind_Arrows)","05_Wind_Arrows"
